1,1640761200,90,-8216,-8032
2,1640772000,60,1025,3543
3,1640772000,60,3232,5965
4,1640761200,60,14855,469
5,1640748600,60,6628,1417
6,1640750400,120,3776,10962
7,1640768400,60,-536,-307
8,1640761200,60,4612,1615
9,1640764800,60,-13112,-893
10,1640750400,60,4787,1776
11,1640748600,90,4854,-457
12,1640768400,90,37935,7976
13,1640770200,60,-13785,-12786
14,1640746800,60,15985,11437
15,1640761200,60,4791,245
16,1640745000,120,35977,-16581
17,1640759400,90,21246,6162
18,1640761200,60,2339,6675
19,1640786400,60,23432,10848
20,1640743200,90,4880,1206
21,1640757600,60,60775,10989
22,1640763000,90,-7937,-6764
23,1640764800,120,27365,-5636
24,1640745000,90,-17942,-7458
25,1640757600,60,-770,30004
26,1640773800,90,11921,2683
27,1640757600,60,14254,297
28,1640772000,120,11182,10377
29,1640748600,90,-33008,-3975
30,1640743200,60,4893,-453
31,1640759400,90,24370,-6248
32,1640763000,90,10246,351
33,1640766600,90,-23983,-1794
34,1640752200,90,-6694,-894
35,1640745000,120,8970,-23191
36,1640759400,90,37239,-1592
37,1640743200,60,-4078,-7375
38,1640763000,90,-22319,-1499
39,1640745000,60,13244,2304
40,1640761200,60,-21943,-1891
41,1640763000,60,-28082,-8806
42,1640773800,90,9825,7938
43,1640739600,60,-39658,-14222
44,1640761200,60,9569,-316
45,1640763000,90,25840,13174
46,1640750400,60,1536,1809
47,1640754000,90,8268,1194
48,1640770200,90,-18733,-6103
49,1640745000,60,7331,3668
50,1640761200,60,-8848,-5112
51,1640752200,60,-23494,-5695
52,1640770200,60,-25123,8169
53,1640770200,60,-26621,-6025
54,1640748600,90,-30196,-2434
55,1640773800,90,-34931,-7679
56,1640757600,60,18134,10076
57,1640775600,60,-9417,-6656
58,1640752200,60,-23375,-1180
59,1640766600,120,-1440,-4356
60,1640784600,60,-24063,-1938
61,1640745000,60,4427,1655
62,1640763000,60,9321,10921
63,1640746800,60,-12124,-639
64,1640754000,60,12494,2015
65,1640761200,60,3375,45
66,1640782800,60,-10355,-2477
67,1640784600,60,23051,10816
68,1640739600,60,-8061,5532
69,1640746800,60,28974,7494
70,1640761200,60,-21842,9353
71,1640764800,60,4369,-1134
72,1640745000,60,5112,3679
73,1640764800,60,-8580,-5301
74,1640746800,60,-16843,-14501
75,1640768400,60,-3510,-7193
76,1640745000,90,-14670,-7880
77,1640750400,60,20489,5878
78,1640752200,90,37935,7976
79,1640745000,90,19486,10321
80,1640764800,60,3069,3868
81,1640759400,60,16039,-3544
82,1640763000,90,-4564,-4189
83,1640766600,90,22778,11885
84,1640748600,60,785,469
85,1640759400,90,30419,-6236
86,1640745000,90,-33424,-4964
87,1640768400,60,1954,1611
88,1640773800,90,793,5265
89,1640750400,60,12557,8580
90,1640754000,60,-25191,-4741
91,1640759400,90,-43509,-11677
92,1640763000,60,10615,5587
93,1640768400,60,13582,8988
94,1640746800,90,9980,-2406
95,1640781000,90,4815,34959
96,1640763000,60,-34924,-7864
97,1640766600,60,-12774,-7852
98,1640759400,60,6666,4605
99,1640766600,60,-8626,2209
100,1640766600,60,10861,5596
101,1640773800,60,-1970,-1140
102,1640786400,60,748,718
103,1640759400,90,17833,-13414
104,1640755800,60,6755,3201
105,1640741400,90,7679,-5525
106,1640757600,60,9787,-7432
107,1640764800,90,3344,-3150
108,1640743200,60,-5616,-5756
109,1640772000,60,10884,5595
110,1640761200,60,3194,3249
111,1640772000,90,18818,-286
112,1640773800,60,-16626,-3664
113,1640761200,120,3219,-7367
114,1640768400,90,5468,1701
115,1640766600,60,7053,1229
116,1640763000,90,29207,7579
117,1640743200,60,33236,7935
118,1640754000,60,27565,-5271
119,1640763000,90,-30143,-6195
120,1640754000,120,17391,-13112
121,1640739600,60,-4622,11564
122,1640752200,60,11335,9187
123,1640759400,90,-34687,-7026
124,1640766600,60,-18340,-7453
125,1640754000,60,-24871,8201
126,1640761200,90,21611,-6668
127,1640745000,60,10699,8661
128,1640748600,90,37814,8157
129,1640761200,60,26542,-5468
130,1640748600,90,-27344,-804
131,1640759400,90,-1376,-5630
132,1640770200,60,16358,9905
133,1640759400,60,-31437,-7495
134,1640755800,90,-24002,-1974
135,1640777400,60,17030,-5025
136,1640775600,60,-446,-21
137,1640757600,60,-2862,1519
138,1640772000,90,7810,2297
139,1640757600,120,3001,1680
140,1640779200,60,-56032,-10405
141,1640743200,60,-11142,382
142,1640768400,60,19943,5871
143,1640745000,120,-24131,-4010
144,1640745000,60,15837,-16238
145,1640743200,60,-20021,-5676
146,1640763000,60,34601,2795
147,1640763000,60,62242,11138
148,1640761200,60,-35447,-7946
149,1640766600,120,34808,-6288
150,1640779200,60,-2219,4641
151,1640777400,60,7264,-24038
152,1640757600,90,5170,3736
153,1640768400,90,-2066,-111
154,1640766600,60,-31437,-7495
155,1640757600,60,4282,-4320
156,1640786400,60,6343,1450
157,1640761200,60,-17418,-6059
158,1640757600,60,14016,37
159,1640763000,90,12472,7160
160,1640768400,60,15334,3272
161,1640764800,60,-10474,-11907
162,1640772000,60,25471,1931
163,1640777400,60,5228,248
164,1640775600,60,13364,-1700
165,1640782800,60,21246,6162
166,1640764800,60,-5688,3091
167,1640777400,90,-11351,-2233
168,1640770200,90,-18733,-6103
169,1640739600,60,12584,1006
170,1640748600,90,4974,3720
171,1640759400,90,14926,8329
172,1640763000,60,10668,8066
173,1640759400,90,-22052,-4478
174,1640763000,60,-10188,-506
175,1640750400,60,15609,11282
176,1640745000,90,-20474,4411
177,1640743200,60,4035,1533
178,1640748600,60,-29560,-1963
179,1640766600,90,-535,-7318
180,1640759400,90,-31850,-5058
181,1640757600,60,9393,-14575
182,1640750400,90,21389,1128
183,1640777400,60,-16547,1907
184,1640775600,90,-9642,-3510
185,1640773800,90,-28567,-3757
186,1640757600,90,-33074,10660
187,1640741400,90,-22595,-704
188,1640763000,60,-12862,-4502
189,1640764800,120,-8162,-13
190,1640764800,60,38816,7811
191,1640761200,120,-5052,-8549
192,1640757600,120,-25648,-5998
193,1640757600,60,-30037,-6770
194,1640741400,90,15115,-12121
195,1640761200,60,-15468,-4665
196,1640777400,60,9155,3681
197,1640761200,60,-16633,-2039
198,1640768400,90,15286,-437
199,1640755800,90,-13191,1582
200,1640761200,90,3689,3633
201,1640763000,60,12310,-1202
202,1640741400,60,-8786,-4462
203,1640745000,90,11514,-3942
204,1640777400,90,-1382,444
205,1640772000,90,19877,11957
206,1640764800,90,-4509,-4187
207,1640750400,120,17107,8275
208,1640775600,120,14111,-11941
209,1640748600,90,-23209,-1054
210,1640752200,90,-18492,3941
211,1640763000,90,33806,2618
212,1640754000,60,-5715,-10043
213,1640770200,60,29389,8003
214,1640757600,90,38942,5978
215,1640746800,60,-8387,51
216,1640761200,60,22112,-5861
217,1640743200,60,-12309,-3294
218,1640763000,90,-4990,-9284
219,1640759400,60,3069,3868
220,1640770200,90,-19243,-7413
221,1640745000,60,336,-6355
222,1640752200,60,-613,1038
223,1640768400,60,8467,5026
224,1640770200,60,15281,8307
225,1640777400,60,17993,4654
226,1640766600,120,-63387,-9177
227,1640763000,60,-35036,-5056
228,1640759400,60,22275,-4184
229,1640772000,60,-5205,-9264
230,1640752200,120,-7039,-7182
231,1640745000,90,13344,-150
232,1640757600,60,33658,7933
233,1640763000,90,-23394,-1196
234,1640764800,60,1542,-6197
235,1640739600,60,434,4675
236,1640766600,60,7163,-7361
237,1640773800,60,7090,2031
238,1640772000,60,-20693,11098
239,1640743200,60,11796,-3521
240,1640746800,60,6267,315
241,1640752200,60,16709,3482
242,1640748600,60,9884,8665
243,1640757600,60,8347,2268
244,1640761200,60,10623,7937
245,1640745000,60,-22711,-1231
246,1640750400,60,1282,5444
247,1640781000,60,-23930,-1323
248,1640772000,120,4941,2283
249,1640761200,60,4597,-3962
250,1640746800,60,5398,1758
251,1640745000,90,-6120,9252
252,1640772000,60,15044,8334
253,1640772000,60,5645,3584
254,1640764800,60,-8387,51
255,1640741400,60,-5501,-1835
256,1640745000,90,2661,5799
257,1640764800,60,-27341,3991
258,1640763000,60,12566,2773
259,1640750400,60,-25206,-1985
260,1640772000,60,11182,712
261,1640770200,60,15886,67
262,1640764800,60,-17212,-9358
263,1640770200,90,10764,-875
264,1640779200,60,9474,5563
265,1640743200,120,20417,-6510
266,1640739600,60,2613,3178
267,1640786400,60,-21943,-4535
268,1640743200,60,8537,2358
269,1640759400,90,-5110,681
270,1640766600,90,6632,-4560
271,1640739600,60,-26413,-5353
272,1640775600,60,11823,8685
273,1640763000,90,23873,4401
274,1640764800,60,-30791,9592
275,1640757600,60,7820,1236
276,1640743200,60,-12310,-7759
277,1640772000,60,8268,1194
278,1640754000,60,-12309,-7802
279,1640784600,60,10646,8312
280,1640782800,60,6044,2218
281,1640773800,60,-22560,-1793
282,1640772000,120,-31272,-9174
283,1640770200,60,11551,-2499
284,1640766600,90,22778,11885
285,1640763000,120,-29139,4561
286,1640741400,90,1232,2027
287,1640763000,60,-34267,-6230
288,1640763000,90,-40652,-10396
289,1640741400,60,12671,-4861
290,1640746800,60,8917,2899
291,1640784600,60,69128,-4159
292,1640768400,60,12943,8535
293,1640759400,60,-34764,-5293
294,1640757600,60,16212,4233
295,1640739600,60,2937,-372
296,1640768400,120,-30570,-9135
297,1640761200,60,-19774,-6297
298,1640743200,90,28480,3518
299,1640763000,90,34624,15579
300,1640761200,90,2329,432
301,1640781000,60,557,-87
302,1640768400,60,21630,6620
303,1640768400,60,6774,161
304,1640750400,60,14537,2184
305,1640745000,90,-12463,-10666
306,1640763000,90,17963,-14978
307,1640759400,60,-20765,-13727
308,1640754000,60,-131422,-26025
309,1640772000,60,9335,245
310,1640748600,90,10258,11001
311,1640743200,90,-7861,-4638
312,1640748600,60,11711,8679
313,1640764800,60,176,1301
314,1640763000,90,-4610,965
315,1640745000,90,-14656,-2167
316,1640763000,60,8321,1136
317,1640768400,60,-6909,-1356
318,1640761200,90,9039,2135
319,1640755800,60,6734,6619
320,1640761200,60,-16166,-6800
321,1640768400,60,-14590,991
322,1640763000,90,-14705,-13848
323,1640761200,60,-15507,-5425
324,1640768400,60,23797,-6425
325,1640743200,60,16403,10114
326,1640757600,60,-13264,-1356
327,1640773800,90,11837,6815
328,1640770200,60,-26900,-2608
329,1640770200,60,-9806,491
330,1640752200,120,-24007,-828
331,1640770200,90,11676,-2905
332,1640772000,60,34945,-6272
333,1640754000,60,-32185,-6633
334,1640746800,60,30927,7363
335,1640761200,60,15011,-6896
336,1640766600,60,9637,-3970
337,1640766600,60,-12962,-1914
338,1640770200,60,-14245,-3876
339,1640757600,90,10274,379
340,1640766600,90,21690,-12765
341,1640764800,60,-7384,-152
342,1640761200,90,1232,2027
343,1640743200,60,15548,11312
344,1640763000,60,-42566,-10257
345,1640766600,90,10394,-14733
346,1640748600,90,-12827,-2056
347,1640768400,60,748,718
348,1640759400,60,21246,6162
349,1640759400,60,-12936,-3150
350,1640761200,60,-14320,-6951
351,1640777400,60,28508,3512
352,1640745000,90,-13575,2951
353,1640761200,120,8563,8015
354,1640764800,90,6431,4571
355,1640757600,90,21250,6163
356,1640746800,60,21798,6255
357,1640757600,90,2325,1724
358,1640757600,90,14473,-456
359,1640768400,60,-14835,9400
360,1640750400,90,8050,2741
361,1640743200,60,6319,5416
362,1640784600,60,3901,-25398
363,1640754000,120,25098,3000
364,1640764800,60,14942,10362
365,1640759400,90,16186,3584
366,1640763000,90,2841,-5112
367,1640754000,60,-27917,-3650
368,1640750400,60,-23551,9373
369,1640761200,90,19603,15078
370,1640745000,90,7331,3668
371,1640764800,60,-9854,-12632
372,1640772000,60,6284,1411
373,1640754000,60,14231,-11782
374,1640743200,90,-537,-7093
375,1640741400,90,-30185,-2406
376,1640763000,60,5049,-4566
377,1640743200,120,-18065,-12827
378,1640772000,60,12983,7558
379,1640761200,90,-25569,-5562
380,1640775600,60,-11268,-1472
381,1640743200,90,304,-4021
382,1640759400,90,12173,-3025
383,1640757600,60,-4833,-5709
384,1640750400,90,8035,2739
385,1640763000,90,27404,13619
386,1640763000,60,7378,1773
387,1640773800,60,-5688,3091
388,1640772000,60,-13215,1830
389,1640752200,60,4369,-1134
390,1640739600,60,-13794,-13862
391,1640761200,60,19933,10802
392,1640757600,60,-12360,-7099
393,1640770200,60,6060,2685
394,1640768400,60,13215,3473
395,1640764800,120,10332,-6510
396,1640752200,60,-35462,-7945
397,1640782800,60,-35273,-7710
398,1640768400,90,20036,10875
399,1640752200,120,-23143,10001
400,1640752200,60,10864,7433
401,1640755800,60,-5068,762
402,1640763000,60,-24372,-4267
403,1640779200,60,29389,8003
404,1640757600,60,-5552,-266
405,1640746800,60,-3128,-1059
406,1640766600,90,6125,739
407,1640770200,60,6554,337
408,1640772000,60,-16729,722
409,1640761200,60,10443,-22358
410,1640755800,90,10252,-6470
411,1640766600,90,6564,541
412,1640739600,60,-14218,757
413,1640759400,60,-17571,-8093
414,1640779200,60,-23171,4612
415,1640763000,90,-34526,-609
416,1640770200,60,-30903,-4421
417,1640768400,60,-34265,-1468
418,1640745000,90,-6834,-8789
419,1640768400,60,-54630,18900
420,1640770200,60,-25702,-4210
421,1640764800,60,3490,-5013
422,1640746800,60,11569,6327
423,1640757600,60,-12945,545
424,1640763000,90,-34526,-609
425,1640759400,60,-1034,355
426,1640763000,60,13945,2376
427,1640746800,60,-41713,-7376
428,1640772000,120,4846,3729
429,1640761200,60,-21203,-4776
430,1640761200,90,-32075,-5395
431,1640748600,60,11094,7719
432,1640770200,90,1495,3111
433,1640748600,60,-13829,-6834
434,1640755800,60,-8107,-4574
435,1640757600,120,18146,12901
436,1640750400,60,-8774,-4327
437,1640764800,60,1633,1715
438,1640763000,90,25468,2834
439,1640743200,60,1630,1206
440,1640766600,90,-37461,-8287
441,1640741400,60,8664,2539
442,1640779200,60,16566,12464
443,1640763000,90,-31890,-8420
444,1640770200,90,-692,5365
445,1640761200,60,18638,-243
446,1640739600,60,6678,-24643
447,1640741400,60,-27961,-3633
448,1640773800,60,30964,6686
449,1640775600,60,16029,11480
450,1640755800,60,11063,90
451,1640775600,60,2094,1734
452,1640772000,60,35659,-5590
453,1640768400,60,10319,-3415
454,1640752200,120,-50064,-13431
455,1640770200,60,-18327,-9477
456,1640761200,120,50237,-5482
457,1640772000,60,-26575,4305
458,1640739600,60,2064,-5255
459,1640743200,60,-36771,10978
460,1640743200,60,-36771,10978
461,1640755800,60,11562,7287
462,1640752200,60,10376,127
463,1640743200,90,26168,12650
464,1640745000,60,-9678,-5249
465,1640768400,60,10476,3387
466,1640763000,90,10173,-2338
467,1640748600,60,-18302,-16810
468,1640768400,60,-4656,3092
469,1640764800,60,1772,-4322
470,1640784600,60,-18456,-4687
471,1640784600,90,4194,2860
472,1640745000,120,-40743,-1044
473,1640746800,90,-10405,-11580
474,1640775600,60,-38671,-14445
475,1640761200,90,19764,9313
476,1640770200,60,-5142,708
477,1640763000,90,-18227,11906
478,1640761200,60,7473,2347
479,1640757600,60,-11728,-3649
480,1640772000,60,-1780,-44
481,1640757600,60,6747,3181
482,1640772000,60,-9401,-7955
483,1640764800,60,-15238,-5616
484,1640739600,60,-5344,-3822
485,1640741400,60,8904,3484
486,1640759400,90,-803,5434
487,1640764800,60,34798,-6291
488,1640757600,60,18224,806
489,1640759400,90,-11776,-5899
490,1640743200,60,15342,-4031
491,1640745000,60,2410,-10579
492,1640759400,90,-17996,-6523
493,1640755800,60,-37438,-6146
494,1640761200,60,23553,-13962
495,1640770200,60,35171,-5928
496,1640768400,60,16169,-5603
497,1640782800,60,-11268,-1472
498,1640746800,60,5074,-310
499,1640763000,90,16661,-5613
500,1640763000,120,7463,2344
501,1640761200,60,2101,-5228
502,1640741400,90,-14525,-3755
503,1640759400,90,-6428,399
504,1640759400,60,5475,3239
505,1640768400,60,6666,4605
506,1640759400,60,-24127,-1763
507,1640750400,120,6530,3380
508,1640743200,60,7102,4403
509,1640752200,60,633,-5807
510,1640746800,90,19147,-14769
511,1640759400,60,11200,-497
512,1640743200,120,29518,14132
513,1640755800,120,-41363,-10221
514,1640759400,90,17293,11767
515,1640752200,120,34808,-6288
516,1640775600,60,3401,-1549
517,1640779200,120,-13939,539
518,1640782800,60,1470,2176
519,1640781000,60,43738,-6769
520,1640770200,60,32539,7518
521,1640766600,120,4962,2288
522,1640761200,60,-24982,-2083
523,1640752200,60,-6990,592
524,1640759400,60,6429,-7902
525,1640761200,60,-30019,-2283
526,1640761200,60,10206,900
527,1640764800,90,-8037,-11294
528,1640763000,90,-14148,-7329
529,1640782800,60,-7371,-5614
530,1640746800,60,-21727,9481
531,1640750400,120,-9858,-304
532,1640777400,90,24394,12875
533,1640759400,60,3401,-1549
534,1640752200,60,-11032,1213
535,1640746800,60,-37118,-7481
536,1640757600,60,20124,5909
537,1640743200,120,16218,647
538,1640752200,60,-26365,-2209
539,1640754000,60,-14200,-1411
540,1640741400,90,-2037,-9862
541,1640770200,60,18071,10077
542,1640752200,60,-7837,2210
543,1640775600,60,-38978,-4699
544,1640745000,90,-22313,-5119
545,1640743200,90,4880,1206
546,1640761200,60,2613,3178
547,1640743200,60,-11346,1150
548,1640779200,60,-10305,-11546
549,1640770200,60,6327,1410
550,1640772000,60,3413,-1052
551,1640754000,60,3428,2803
552,1640768400,60,3195,3699
553,1640770200,60,-34094,-5436
554,1640770200,60,-34731,-7685
555,1640761200,120,-15815,-8288
556,1640743200,90,-4198,-6241
557,1640763000,60,12421,-2963
558,1640754000,60,-1389,-1295
559,1640759400,60,8447,1808
560,1640757600,60,16377,-3437
561,1640761200,60,7463,2347
562,1640763000,90,21055,10964
563,1640761200,60,32521,14005
564,1640757600,60,-17999,12023
565,1640748600,90,-2403,3140
566,1640773800,60,38686,-5789
567,1640761200,60,10693,607
568,1640770200,60,-7,591
569,1640770200,60,-1956,35
570,1640754000,60,-36466,-5842
571,1640745000,120,-36961,-6151
572,1640759400,60,3901,-25398
573,1640750400,60,2431,-5068
574,1640766600,90,35347,3138
575,1640752200,60,-12985,-1573
576,1640764800,60,-49419,11641
577,1640779200,60,35341,-5859
578,1640755800,60,2921,-3502
579,1640759400,90,16186,3584
580,1640759400,90,-2418,-7472
581,1640739600,60,43738,-6769
582,1640755800,60,-31368,-7407
583,1640761200,90,-446,-21
584,1640743200,60,-2319,-541
585,1640777400,90,-3881,-5541
586,1640770200,60,-1169,-11317
587,1640754000,60,-43534,-11679
588,1640763000,90,1676,810
589,1640768400,90,30319,14032
590,1640761200,60,18576,6282
591,1640766600,60,-54961,-11335
592,1640746800,120,8478,-8121
593,1640772000,60,-21654,-5389
594,1640761200,120,-13635,-11332
595,1640743200,60,4229,-363
596,1640770200,60,-1914,1324
597,1640757600,60,-37875,-2684
598,1640745000,90,-17942,-7458
599,1640763000,90,-5364,-5057
600,1640754000,60,12577,8501
601,1640755800,60,10251,-3509
602,1640745000,60,-22431,4842
603,1640764800,120,14491,13121
604,1640759400,90,-4370,4069
605,1640757600,60,60775,10989
606,1640755800,60,22091,6487
607,1640764800,90,-729,428
608,1640768400,120,-35385,1718
609,1640745000,90,15004,3829
610,1640764800,60,-10474,-11907
611,1640768400,60,8394,1536
612,1640773800,120,-21386,-5396
613,1640759400,60,12916,-937
614,1640773800,90,-32719,-6634
615,1640745000,90,21667,-6159
616,1640746800,90,2457,-3390
617,1640761200,90,718,-6404
618,1640739600,60,-5635,1971
619,1640757600,60,5797,771
620,1640741400,90,19566,-3537
621,1640745000,60,28480,3518
622,1640770200,120,-67500,-12501
623,1640763000,90,-19754,-14145
624,1640743200,60,-5616,-5756
625,1640746800,60,-13794,-13862
626,1640745000,90,1775,-6318
627,1640763000,60,15551,8780
628,1640750400,60,1134,-5411
629,1640761200,90,28393,3234
630,1640781000,90,21246,6162
631,1640752200,60,-6990,592
632,1640770200,60,-131,956
633,1640770200,90,-38791,-4659
634,1640752200,60,6492,1413
635,1640752200,60,9128,4187
636,1640768400,60,-84,-5620
637,1640782800,60,-12210,-1694
638,1640743200,90,-2683,-7734
639,1640772000,60,-1754,-26
640,1640768400,90,-63864,-11985
641,1640754000,60,-14836,764
642,1640777400,90,16505,3831
643,1640754000,60,18425,8583
644,1640759400,60,16770,3508
645,1640759400,60,39278,7818
646,1640768400,60,-14897,-3879
647,1640766600,60,9907,-1797
648,1640761200,60,-1288,4781
649,1640755800,60,-32354,-3980
650,1640779200,60,85,-5392
651,1640773800,90,-16190,-7940
652,1640777400,90,16336,-3486
653,1640759400,60,3370,13
654,1640743200,90,15647,460
655,1640766600,90,37239,-1592
656,1640770200,60,-12506,1289
657,1640759400,90,-2366,4467
658,1640752200,60,-64392,-12171
659,1640743200,60,-70025,7843
660,1640752200,90,461,-445
661,1640745000,90,-10719,-9427
662,1640764800,60,9868,2706
663,1640766600,60,10777,-1533
664,1640755800,90,-12730,-5507
665,1640770200,90,-17421,-1938
666,1640768400,90,-3824,2081
667,1640763000,60,13405,-12044
668,1640761200,120,20908,-6127
669,1640761200,90,24271,11720
670,1640763000,60,8863,820
671,1640768400,60,11411,-13154
672,1640757600,60,-34919,-6744
673,1640766600,120,10884,5595
674,1640766600,60,7155,3372
675,1640772000,120,-38200,-2813
676,1640745000,120,-9330,-6057
677,1640761200,60,-13407,529
678,1640766600,120,12139,12181
679,1640770200,60,19769,-13404
680,1640768400,60,-1854,4590
681,1640764800,60,-16321,-7207
682,1640761200,60,9659,1608
683,1640764800,60,24892,11889
684,1640775600,120,7519,-6233
685,1640766600,60,-21121,-681
686,1640770200,60,-28797,-5668
687,1640754000,60,11068,9102
688,1640750400,120,12244,5977
689,1640768400,60,-29508,-8215
690,1640768400,60,3843,-4786
691,1640764800,90,14926,8329
692,1640759400,60,-12542,7093
693,1640743200,60,-4133,-8076
694,1640770200,60,17425,3593
695,1640755800,60,-5712,-762
696,1640764800,90,22693,11671
697,1640764800,60,12171,10069
698,1640770200,60,-18133,-4045
699,1640755800,60,-13186,337
700,1640761200,60,1035,1850
701,1640768400,120,-4755,1933
702,1640757600,120,25098,3000
703,1640761200,60,296,4707
704,1640755800,60,7375,1152
705,1640743200,120,23653,12169
706,1640779200,60,3024,3849
707,1640754000,60,2143,-4837
708,1640775600,60,3367,-1250
709,1640750400,60,5814,3588
710,1640754000,120,16566,12464
711,1640764800,60,1511,836
712,1640743200,60,3024,3849
713,1640759400,90,16432,3775
714,1640754000,60,-32833,-6071
715,1640741400,60,-42757,-12058
716,1640770200,60,-9720,-11213
717,1640754000,90,11517,-1310
718,1640743200,90,-7861,-4638
719,1640743200,60,2399,6691
720,1640763000,60,13113,-114
721,1640757600,120,45478,-6086
722,1640772000,60,-22182,-5257
723,1640739600,60,17956,-1135
724,1640755800,60,-61041,-17157
725,1640757600,60,-5545,-9762
726,1640759400,60,21360,11546
727,1640759400,60,19076,3534
728,1640748600,90,12528,4163
729,1640763000,60,10277,2074
730,1640768400,90,-4005,-993
731,1640763000,90,12882,-2899
732,1640741400,60,75,-741
733,1640754000,60,-8051,-3600
734,1640779200,60,29389,8003
735,1640768400,60,-16433,6018
736,1640761200,90,-4984,-367
737,1640761200,60,-25955,-12851
738,1640743200,120,-20757,-7784
739,1640754000,60,24091,-19087
740,1640775600,60,4888,-5869
741,1640750400,60,8532,3193
742,1640764800,60,-8477,-473
743,1640772000,60,9155,3681
744,1640743200,90,37239,-1592
745,1640777400,90,33061,3293
746,1640759400,60,34798,-6291
747,1640764800,60,-63167,-9244
748,1640761200,90,23637,-684
749,1640770200,60,12102,8945
750,1640755800,120,23673,11032
751,1640761200,60,-13522,-1518
752,1640745000,60,-6162,-4231
753,1640763000,90,2904,-1514
754,1640745000,90,-8997,-6605
755,1640779200,120,819,730
756,1640757600,60,9501,4444
757,1640755800,60,-9955,-5079
758,1640754000,60,-7339,-6509
759,1640761200,60,16947,8480
760,1640759400,90,-15101,530
761,1640750400,60,29787,530
762,1640763000,90,29775,-6303
763,1640745000,90,-23565,3862
764,1640768400,60,-33336,9925
765,1640745000,90,3911,3317
766,1640752200,60,8837,-3875
767,1640773800,60,13215,3473
768,1640759400,60,12440,963
769,1640764800,60,18266,10210
770,1640746800,60,-30339,-7280
771,1640763000,60,11574,-3172
772,1640772000,90,-2325,-10189
773,1640764800,90,29291,7943
774,1640770200,90,-18733,-6103
775,1640752200,60,-18849,-14802
776,1640746800,60,6226,4166
777,1640750400,60,33594,2792
778,1640764800,60,-25174,-2115
779,1640761200,60,11843,193
780,1640764800,60,-535,-7318
781,1640757600,90,9364,-820
782,1640743200,90,-7861,-4638
783,1640770200,90,-2237,-10345
784,1640770200,60,1249,3067
785,1640770200,60,-24493,-2712
786,1640761200,60,9437,-2353
787,1640746800,60,1608,-4092
788,1640757600,90,12418,-3240
789,1640773800,60,11748,-175
790,1640737800,60,-33884,-4996
791,1640764800,60,-35561,-7709
792,1640741400,60,1160,-884
793,1640739600,60,-2110,-3475
794,1640736000,90,851,1781
795,1640768400,60,3134,-5286
796,1640737800,90,-33327,-335
797,1640754000,90,-56032,-10405
798,1640754000,60,9726,3051
799,1640743200,60,-40301,-4970
800,1640770200,60,4038,-2692
801,1640759400,60,1809,508
802,1640752200,90,20411,-6528
803,1640761200,90,11745,1496
804,1640754000,120,12692,1726
805,1640761200,60,-19804,-4186
806,1640759400,60,-40593,-9715
807,1640757600,90,15509,9505
808,1640746800,60,-16808,655
809,1640766600,60,-11042,-1706
810,1640768400,90,-32598,-5641
811,1640754000,120,-8550,-7703
812,1640745000,60,2521,1583
813,1640755800,60,-10107,-361
814,1640757600,60,-14870,-3349
815,1640764800,60,4955,35508
816,1640764800,60,8165,749
817,1640763000,60,8135,2880
818,1640743200,60,19293,-3575
819,1640759400,120,11250,67
820,1640752200,60,4795,2930
821,1640746800,60,7287,3516
822,1640759400,90,8947,-913
823,1640739600,60,27946,2531
824,1640775600,60,3024,3849
825,1640750400,60,-30584,-5675
826,1640763000,90,-10235,511
827,1640752200,60,9559,-2747
828,1640737800,60,-13685,-8311
829,1640757600,90,-7024,-7344
830,1640750400,60,-24583,-2385
831,1640736000,60,15417,3752
832,1640743200,60,9658,3347
833,1640759400,60,-16717,-13233
834,1640764800,60,14561,11062
835,1640766600,60,9523,1443
836,1640739600,60,8268,1194
837,1640739600,90,16359,-2218
838,1640759400,60,26406,12856
839,1640754000,60,-29164,-2485
840,1640746800,120,7713,1175
841,1640770200,60,-6882,147
842,1640737800,60,15341,451
843,1640736000,60,25229,2859
844,1640736000,90,8400,-4460
845,1640763000,90,-30404,-2364
846,1640737800,60,25878,13575
847,1640766600,60,-25844,8554
848,1640766600,60,9864,2712
849,1640768400,60,-38869,-1687
850,1640746800,60,5813,3588
851,1640764800,90,-10806,1360
852,1640766600,60,-11637,1122
853,1640737800,90,-12432,1325
854,1640739600,120,992,-7955
855,1640741400,60,-20518,-6606
856,1640739600,60,-37084,10257
857,1640750400,60,17419,-16387
858,1640761200,90,-1388,-1293
859,1640739600,90,-10433,-4681
860,1640746800,90,8651,1910
861,1640761200,90,-24906,-4122
862,1640768400,60,32551,7524
863,1640764800,60,-28052,5362
864,1640737800,90,4447,3151
865,1640737800,90,-26635,-5504
866,1640757600,90,37985,8174
867,1640743200,60,17411,10159
868,1640768400,60,-17829,-13083
869,1640761200,60,34005,-2212
870,1640763000,90,-55243,19365
871,1640752200,120,5688,404
872,1640761200,60,-33365,-6392
873,1640763000,60,1743,740
874,1640757600,90,-16934,150
875,1640746800,60,5283,593
876,1640766600,60,25146,6179
877,1640770200,60,11791,3108
878,1640779200,60,797,-5964
879,1640746800,60,25700,15959
880,1640761200,60,29078,7860
881,1640743200,90,-28068,-6873
882,1640772000,60,-48686,-11015
883,1640759400,60,2937,-372
884,1640736000,60,-9941,4285
885,1640766600,60,-1728,-5696
886,1640763000,60,5458,777
887,1640761200,60,-11161,-1390
888,1640766600,60,33217,2599
889,1640743200,90,29775,-6303
890,1640736000,60,-21298,-10351
891,1640743200,60,15809,3762
892,1640754000,90,8719,3345
893,1640764800,90,9157,3682
894,1640743200,60,3134,-5286
895,1640757600,90,-29508,-8215
896,1640759400,90,3956,35101
897,1640748600,90,-21915,-5056
898,1640739600,90,-22602,-5330
899,1640750400,90,31595,3424
900,1640750400,60,-11681,-1779
901,1640761200,60,-16326,664
902,1640754000,120,-27813,-8510
903,1640739600,60,-10827,14041
904,1640779200,60,-1388,-1293
905,1640761200,90,-2383,3157
906,1640739600,60,-19017,-1170
907,1640761200,90,16404,-5905
908,1640750400,60,437,-7463
909,1640764800,60,-55927,-10169
910,1640743200,90,41444,5937
911,1640757600,120,10271,6213
912,1640750400,60,3704,-25643
913,1640739600,60,-2256,2671
914,1640757600,90,14157,137
915,1640763000,60,15602,12566
916,1640764800,60,-30842,-9499
917,1640736000,90,-734,-1871
918,1640755800,60,9489,3687
919,1640750400,90,6319,5416
920,1640750400,90,-36406,-7383
921,1640737800,90,-22595,-704
922,1640766600,60,-11768,-600
923,1640759400,60,-10554,-3859
924,1640743200,60,-15440,-6369
925,1640754000,90,18281,1818
926,1640739600,90,6432,852
927,1640739600,60,26863,2459
928,1640772000,90,-61914,-9877
929,1640763000,60,-20158,-5768
930,1640746800,60,5468,1701
931,1640746800,90,19566,-3537
932,1640757600,60,-3268,-448
933,1640757600,90,-9680,-8018
934,1640752200,60,1370,1729
935,1640761200,60,-9577,-7572
936,1640739600,60,6064,2246
937,1640757600,60,21711,340
938,1640757600,60,25229,2859
939,1640757600,90,9841,-14555
940,1640761200,90,-23499,-5696
941,1640737800,60,-17901,-12881
942,1640754000,90,7361,5616
943,1640757600,60,1482,4142
944,1640737800,90,-22595,-704
945,1640746800,60,-6006,1806
946,1640764800,90,-14263,-3889
947,1640737800,90,2936,-4292
948,1640766600,60,6830,-4307
949,1640743200,90,9700,7530
950,1640737800,120,1612,1422
951,1640755800,60,-4927,-9093
952,1640748600,60,10751,605
953,1640739600,60,-19538,-7503
954,1640757600,60,8311,1495
955,1640766600,60,-8208,-7832
956,1640739600,90,21351,11560
957,1640755800,60,23876,4828
958,1640745000,120,4768,3180
959,1640743200,60,1273,3086
960,1640741400,60,37580,8208
961,1640741400,60,-8929,-1623
962,1640746800,90,-33033,-7581
963,1640761200,90,24661,12945
964,1640739600,60,11213,-3625
965,1640773800,60,20839,10173
966,1640759400,60,-24363,-1206
967,1640741400,60,-21481,-1471
968,1640757600,90,-1893,4522
969,1640763000,60,-25134,-4534
970,1640772000,90,-10677,-4067
971,1640739600,60,-5027,-9
972,1640743200,60,-34731,-7685
973,1640755800,90,-27650,-12288
974,1640770200,60,-2530,1202
975,1640736000,90,-12618,982
976,1640745000,90,-7625,2032
977,1640764800,60,-9595,1571
978,1640759400,60,-5549,-1235
979,1640779200,60,-34542,-150
980,1640752200,60,29389,8003
981,1640772000,120,833,2697
982,1640757600,60,21246,6162
983,1640761200,60,-16393,-7621
984,1640764800,60,-34639,-7563
985,1640766600,60,28752,273
986,1640743200,60,-23912,9341
987,1640757600,60,-25139,-2125
988,1640759400,60,1085,1387
989,1640761200,60,18071,10077
990,1640757600,60,-18075,-20572
991,1640752200,60,14550,2206
992,1640761200,60,-23884,3603
993,1640741400,60,3527,5748
994,1640757600,60,-10848,1108
995,1640768400,90,14796,3284
996,1640768400,90,9670,3313
997,1640757600,90,1171,2023
998,1640761200,90,-13465,-5562
999,1640739600,60,-7719,-7704
1000,1640763000,90,-19402,-11024
1001,1640772000,60,-19539,-1048
1002,1640770200,60,25878,13575
1003,1640746800,60,-11520,-913
1004,1640736000,90,-18026,-6680
1005,1640757600,90,-10235,511
1006,1640745000,60,-8106,-4574
1007,1640739600,90,24867,2959
1008,1640754000,60,-14872,-10875
1009,1640745000,60,26032,12987
1010,1640768400,90,19574,12482
1011,1640757600,90,3065,-2805
1012,1640752200,60,-37065,-8183
1013,1640757600,60,-2499,-1534
1014,1640759400,90,-14625,-4761
1015,1640764800,60,-11014,293
1016,1640757600,60,-5929,2062
1017,1640754000,120,-17376,-2114
1018,1640772000,60,12309,5989
1019,1640752200,90,-15975,5725
1020,1640772000,90,-8928,-10782
1021,1640750400,60,-15428,-3517
1022,1640750400,60,24862,-831
1023,1640755800,120,2483,-6354
1024,1640737800,90,-9295,-1994
1025,1640773800,60,-29409,-7001
1026,1640766600,60,-47160,-17050
1027,1640764800,60,12252,8561
1028,1640763000,60,6786,1316
1029,1640770200,90,-41231,-7471
1030,1640757600,60,-8789,-2763
1031,1640739600,60,15645,8867
1032,1640755800,60,21806,15622
1033,1640754000,90,-14792,-3373
1034,1640757600,60,-17442,-17007
1035,1640763000,60,9572,5660
1036,1640755800,60,28008,9611
1037,1640755800,60,-29229,-5380
1038,1640736000,90,21068,11586
1039,1640768400,60,4179,-3654
1040,1640739600,60,-6258,-7033
1041,1640746800,90,4667,-2792
1042,1640759400,60,11153,-7125
1043,1640743200,60,-29127,-7907
1044,1640736000,120,12545,4170
1045,1640761200,60,3375,45
1046,1640737800,120,8273,1197
1047,1640757600,120,-40634,-5337
1048,1640736000,60,21068,11586
1049,1640754000,60,10206,-2419
1050,1640755800,90,-47654,-10550
1051,1640754000,120,21482,-6645
1052,1640759400,60,37677,5618
1053,1640737800,90,-22595,-704
1054,1640768400,60,13952,-18851
1055,1640743200,60,6404,853
1056,1640764800,60,-14709,-13846
1057,1640736000,60,9707,7542
1058,1640750400,60,-32057,-3954
1059,1640766600,60,6830,-4307
1060,1640761200,60,21250,6163
1061,1640741400,120,-26447,-6325
1062,1640754000,60,-33556,-1568
1063,1640768400,90,7751,1089
1064,1640757600,60,-28188,21458
1065,1640768400,90,-8844,-10794
1066,1640757600,90,15819,-3548
1067,1640743200,90,-17746,-8704
1068,1640766600,60,1715,1930
1069,1640761200,90,2595,2178
1070,1640766600,60,4596,86
1071,1640755800,60,35129,2659
1072,1640743200,90,-1226,-5917
1073,1640757600,90,5859,4165
1074,1640761200,60,19488,5089
1075,1640755800,90,15576,12554
1076,1640757600,120,18514,16890
1077,1640761200,60,3077,1929
1078,1640770200,60,-4668,739
1079,1640743200,120,25098,3000
1080,1640755800,90,-6483,-4891
1081,1640737800,60,17377,11257
1082,1640752200,60,-5691,3078
1083,1640745000,90,23973,-19423
1084,1640764800,120,-21145,4227
1085,1640739600,60,-4146,-9399
1086,1640748600,60,7713,1175
1087,1640761200,60,9568,1423
1088,1640752200,60,3741,-20
1089,1640757600,90,-194,300
1090,1640752200,90,-10959,-7565
1091,1640768400,60,-24656,10344
1092,1640754000,90,-5288,1959
1093,1640746800,120,3495,2322
1094,1640739600,90,-15097,517
1095,1640761200,60,-14522,-3813
1096,1640748600,60,-10010,-2146
1097,1640759400,60,24326,12080
1098,1640745000,60,-10298,-1694
1099,1640739600,60,-61483,-9159
1100,1640743200,90,6954,3263
1101,1640741400,60,-19452,-7553
1102,1640755800,60,-32868,-4985
1103,1640761200,90,-13692,-11327
1104,1640754000,120,-35506,-5583
1105,1640766600,60,12377,3161
1106,1640743200,60,-10133,807
1107,1640746800,60,14863,7236
1108,1640759400,90,-23646,-1230
1109,1640741400,60,4603,-5899
1110,1640741400,90,5596,842
1111,1640759400,90,21223,11820
1112,1640736000,60,-18628,-17818
1113,1640746800,90,-29680,-3930
1114,1640739600,60,12296,-16252
1115,1640761200,60,6284,125
1116,1640736000,120,-36516,-10894
1117,1640754000,90,-16103,-13059
1118,1640736000,60,6437,853
1119,1640752200,90,-14851,-3813
1120,1640746800,60,27310,13085
1121,1640750400,90,-7349,1981
1122,1640757600,60,8623,6565
1123,1640736000,90,-16598,-7853
1124,1640739600,90,35629,-5682
1125,1640739600,120,12478,-15802
1126,1640755800,90,7615,-11718
1127,1640737800,90,-537,-7093
1128,1640754000,60,13229,7675
1129,1640745000,60,195,-7163
1130,1640770200,60,44802,-6686
1131,1640764800,90,-8759,-9580
1132,1640763000,60,-11705,312
1133,1640739600,60,-8206,-11452
1134,1640741400,60,7947,1432
1135,1640739600,90,-12535,-1624
1136,1640759400,60,-5704,3079
1137,1640763000,90,-15408,-2497
1138,1640739600,60,-573,11554
1139,1640757600,60,38338,-5971
1140,1640772000,90,-5312,-9131
1141,1640750400,60,11392,-14130
1142,1640761200,90,40671,6320
1143,1640775600,90,9287,-13846
1144,1640759400,90,16817,-5357
1145,1640757600,90,12517,7033
1146,1640739600,120,1205,-963
1147,1640761200,120,9863,2712
1148,1640764800,60,9915,2976
1149,1640757600,90,11305,9130
1150,1640752200,60,11807,6479
1151,1640772000,60,5547,1631
1152,1640739600,90,-21060,452
1153,1640757600,60,7791,2360
1154,1640743200,60,12408,-2711
1155,1640757600,60,9937,-2905
1156,1640745000,60,-12468,-9555
1157,1640772000,90,10783,-3747
1158,1640750400,60,-28508,-6215
1159,1640766600,90,5119,450
1160,1640752200,120,-32999,-8049
1161,1640759400,90,-61337,-9033
1162,1640754000,90,-61455,-9027
1163,1640759400,90,-51,-693
1164,1640768400,60,3835,3584
1165,1640743200,60,8524,2325
1166,1640755800,60,28999,515
1167,1640759400,60,-25620,-5369
1168,1640764800,120,12566,2773
1169,1640768400,90,21394,11631
1170,1640766600,60,17624,10846
1171,1640761200,90,-2403,3139
1172,1640750400,60,-3636,4466
1173,1640761200,60,-39885,-2887
1174,1640739600,60,6948,924
1175,1640750400,60,-28115,-7101
1176,1640768400,90,10339,128
1177,1640748600,90,9016,6065
1178,1640746800,60,29009,7607
1179,1640757600,60,-20291,-5257
1180,1640766600,60,-10773,-895
1181,1640748600,60,-16173,-8491
1182,1640757600,90,-34931,-7679
1183,1640739600,60,-10070,1068
1184,1640766600,60,-11784,-703
1185,1640739600,90,-6089,-340
1186,1640752200,60,-8972,3747
1187,1640739600,60,-47175,-10604
1188,1640757600,90,-29970,-6527
1189,1640746800,60,-28909,-6509
1190,1640754000,60,11711,5600
1191,1640745000,60,-24474,-2790
1192,1640739600,60,3428,37
1193,1640755800,60,7599,471
1194,1640748600,90,10983,1544
1195,1640761200,60,-23333,-770
1196,1640745000,60,18960,3443
1197,1640739600,60,-2112,-6014
1198,1640763000,90,24712,12867
1199,1640761200,60,-37137,-2603
1200,1640743200,90,2289,-837
1201,1640746800,60,-23060,4577
1202,1640761200,60,9588,11041
1203,1640763000,60,5823,2695
1204,1640741400,90,10766,151
1205,1640757600,60,-1179,-5432
1206,1640737800,90,-17967,11736
1207,1640754000,60,-7,591
1208,1640759400,60,9662,1603
1209,1640750400,60,-2433,-10522
1210,1640757600,60,41051,-1860
1211,1640745000,90,-14927,-1590
1212,1640748600,60,-15319,-4728
1213,1640748600,60,-8039,32
1214,1640739600,60,-10626,-630
1215,1640743200,60,-4662,3098
1216,1640759400,90,10250,-3510
1217,1640781000,60,-16885,2402
1218,1640754000,60,40933,5824
1219,1640759400,90,-3881,-5541
1220,1640764800,60,4069,3064
1221,1640764800,60,-26191,-5395
1222,1640761200,60,1838,414
1223,1640748600,60,-2387,113
1224,1640739600,60,-16714,-1996
1225,1640759400,60,9667,-2795
1226,1640759400,90,-47122,-10251
1227,1640739600,90,4673,1882
1228,1640745000,90,19064,13960
1229,1640739600,90,-18434,-7721
1230,1640764800,60,-23873,-1927
1231,1640736000,60,-40949,-5597
1232,1640761200,60,-21389,-5397
1233,1640736000,120,-9082,1694
1234,1640737800,90,11074,6313
1235,1640736000,60,-3510,-7210
1236,1640743200,90,39567,7956
1237,1640745000,90,-11952,646
1238,1640764800,60,-8020,154
1239,1640764800,60,-15416,-17828
1240,1640757600,90,10703,-842
1241,1640739600,90,-7647,-2117
1242,1640739600,60,-29602,-9944
1243,1640761200,90,-11384,-11740
1244,1640757600,60,10184,-21294
1245,1640768400,60,24182,12936
1246,1640743200,60,-10233,-12872
1247,1640754000,60,-1151,4727
1248,1640775600,90,-34648,-7564
1249,1640766600,60,8803,6738
1250,1640746800,60,-30370,-9084
1251,1640743200,120,-15877,-8757
1252,1640736000,60,9528,10863
1253,1640761200,60,-22418,-2311
1254,1640736000,90,3395,-5790
1255,1640757600,60,9726,1755
1256,1640739600,90,9624,680
1257,1640736000,90,-21768,10457
1258,1640743200,60,-2472,2819
1259,1640768400,60,-10426,-1849
1260,1640754000,60,-1804,2559
1261,1640759400,60,-21060,452
1262,1640743200,60,-33107,-5118
1263,1640752200,60,7879,1168
1264,1640761200,90,17730,-3267
1265,1640754000,90,-5375,-1069
1266,1640743200,60,-10305,-11546
1267,1640754000,60,-36508,-8944
1268,1640752200,90,-17733,-8893
1269,1640761200,60,-67985,-10689
1270,1640743200,60,7004,1468
1271,1640754000,60,7877,4214
1272,1640759400,60,5284,2530
1273,1640739600,90,-47335,-10579
1274,1640761200,90,6508,1767
1275,1640768400,60,-104,-800
1276,1640754000,60,21250,6163
1277,1640757600,60,10044,8679
1278,1640746800,60,-10436,4066
1279,1640754000,60,10567,-3323
1280,1640768400,60,5859,4165
1281,1640761200,90,22943,1035
1282,1640746800,60,694,5029
1283,1640737800,60,-6094,-7415
1284,1640761200,60,-33835,-6472
1285,1640766600,60,-15955,530
1286,1640745000,60,-12795,-3675
1287,1640750400,90,8301,-1213
1288,1640770200,60,13661,2012
1289,1640752200,60,-9829,-2085
1290,1640761200,60,-35236,-7058
1291,1640743200,90,-12601,858
1292,1640757600,90,-23512,-11457
1293,1640772000,60,-18459,11661
1294,1640745000,60,-9303,-10947
1295,1640748600,60,-37105,-9324
1296,1640743200,60,-16150,-7609
1297,1640739600,60,-4408,1000
1298,1640739600,60,4865,2282
1299,1640757600,90,-8660,915
1300,1640743200,60,-26264,-6167
1301,1640741400,60,-20172,-10555
1302,1640754000,60,6648,4610
1303,1640775600,60,21246,6162
1304,1640754000,90,11859,6630
1305,1640759400,60,15329,8542
1306,1640763000,60,-34206,-6001
1307,1640761200,60,13830,12841
1308,1640757600,60,11791,3108
1309,1640761200,120,-963,8750
1310,1640755800,60,-26403,-2185
1311,1640757600,120,6437,853
1312,1640743200,90,-22418,-2311
1313,1640739600,120,-19322,11965
1314,1640766600,60,9799,-3296
1315,1640743200,90,-8928,-10782
1316,1640761200,90,10042,-6526
1317,1640739600,90,39850,6711
1318,1640757600,60,24726,-5505
1319,1640737800,90,-22595,-704
1320,1640743200,60,15376,10662
1321,1640743200,60,-21668,-2097
1322,1640750400,60,-30743,-5732
1323,1640739600,120,9507,7453
1324,1640764800,60,14866,-4002
1325,1640739600,90,4657,1821
1326,1640746800,60,-3631,4470
1327,1640739600,90,-7724,-2470
1328,1640761200,60,3914,-3884
1329,1640764800,60,-22688,-5285
1330,1640772000,90,-10981,679
1331,1640782800,60,16315,-13127
1332,1640743200,60,-35206,-10506
1333,1640764800,90,38172,5427
1334,1640759400,120,-19047,-12614
1335,1640764800,90,20600,-6570
1336,1640757600,60,6802,3843
1337,1640757600,60,8311,1496
1338,1640739600,90,-13438,3134
1339,1640768400,120,14288,12864
1340,1640754000,120,-18243,3703
1341,1640752200,60,2879,-8556
1342,1640754000,90,-38791,-4659
1343,1640737800,60,15633,8864
1344,1640757600,90,-14673,-7773
1345,1640764800,90,21806,15622
1346,1640739600,60,-4146,-9399
1347,1640752200,90,-19920,-14187
1348,1640761200,90,-13891,-1535
1349,1640736000,60,11287,7427
1350,1640737800,90,-27373,-6016
1351,1640736000,90,3885,3141
1352,1640759400,60,-8914,-4679
1353,1640754000,60,-18075,-20572
1354,1640741400,90,-864,-9070
1355,1640736000,90,25229,2859
1356,1640755800,90,-6580,-10164
1357,1640739600,90,-17617,5568
1358,1640757600,60,-16634,682
1359,1640766600,60,14095,-11974
1360,1640736000,60,9989,2338
1361,1640757600,90,-6742,-365
1362,1640759400,60,54,5016
1363,1640761200,90,-4668,3090
1364,1640739600,90,20525,13463
1365,1640743200,60,-14320,-6951
1366,1640770200,90,-11230,1773
1367,1640757600,90,-15815,-8288
1368,1640764800,60,3271,-1221
1369,1640764800,60,-10655,-904
1370,1640759400,60,26863,2459
1371,1640757600,90,-24553,9198
1372,1640757600,60,-2125,-4996
1373,1640759400,60,-4635,-8863
1374,1640750400,60,-13622,2949
1375,1640757600,60,-3833,2106
1376,1640766600,90,85,-5481
1377,1640761200,90,12692,1726
1378,1640752200,60,-26575,4305
1379,1640746800,60,-32833,-6085
1380,1640763000,90,20150,12735
1381,1640768400,90,-26991,-1830
1382,1640736000,60,5921,3585
1383,1640755800,90,-11226,-878
1384,1640764800,60,-17855,-4312
1385,1640737800,60,-37956,-7952
1386,1640748600,60,18087,-12813
1387,1640761200,120,23185,868
1388,1640754000,60,-8923,-10603
1389,1640764800,90,-36146,-5554
1390,1640781000,60,-12053,7199
1391,1640745000,60,21350,-5962
1392,1640752200,60,-15526,-16100
1393,1640763000,60,-28097,-1282
1394,1640755800,120,11178,-309
1395,1640743200,60,1987,-5011
1396,1640754000,90,29389,8003
1397,1640772000,90,29909,8152
1398,1640761200,90,-23282,4392
1399,1640743200,60,3648,-935
1400,1640761200,60,33806,2618
1401,1640759400,60,5759,-6750
1402,1640741400,120,-8679,1639
1403,1640754000,60,-49262,-7399
1404,1640754000,60,6545,221
1405,1640759400,60,-3918,4316
1406,1640757600,60,-14836,764
1407,1640748600,60,3468,5589
1408,1640761200,90,-61950,-9893
1409,1640757600,90,-6232,-268
1410,1640766600,60,1599,328
1411,1640759400,90,-9061,-6242
1412,1640743200,120,14046,12228
1413,1640757600,60,-31967,-5013
1414,1640739600,90,-26387,4736
1415,1640768400,60,-18136,-4331
1416,1640737800,60,-8968,-11501
1417,1640746800,90,5156,1474
1418,1640755800,60,24849,3231
1419,1640752200,60,29078,7860
1420,1640763000,90,-16659,-2551
1421,1640773800,90,-23615,-1162
1422,1640750400,60,-5096,836
1423,1640746800,60,-381,-9317
1424,1640761200,60,25626,6800
1425,1640755800,60,-11410,1718
1426,1640772000,60,14702,274
1427,1640743200,60,18936,12572
1428,1640743200,90,4427,1655
1429,1640770200,60,5010,1728
1430,1640768400,60,2113,632
1431,1640754000,60,18076,-13422
1432,1640757600,90,-21732,-5755
1433,1640768400,60,-25835,-5153
1434,1640737800,120,6437,853
1435,1640739600,120,-12510,-10679
1436,1640754000,90,-24583,-2385
1437,1640763000,90,-21060,452
1438,1640737800,90,-22595,-704
1439,1640739600,90,-27571,-8480
1440,1640755800,90,-5623,135
1441,1640754000,60,3556,1763
1442,1640736000,90,-22711,-5298
1443,1640736000,120,-624,1355
1444,1640737800,90,-2398,-7524
1445,1640739600,60,-12455,1375
1446,1640755800,60,12576,8625
1447,1640770200,90,7843,5903
1448,1640754000,60,-66650,-13328
1449,1640737800,90,4194,-4237
1450,1640757600,60,-7640,3395
1451,1640764800,90,-4272,1033
1452,1640750400,60,-13092,1266
1453,1640763000,60,-16715,729
1454,1640739600,60,-13638,-7092
1455,1640741400,90,6260,2818
1456,1640739600,90,-20316,-17317
1457,1640766600,60,-13359,-9018
1458,1640759400,60,-640,-5928
1459,1640754000,120,-27813,-8510
1460,1640752200,90,-8500,-5207
1461,1640759400,90,-5332,1901
1462,1640764800,60,28974,7494
1463,1640764800,90,14868,-4004
1464,1640768400,60,-5957,-13540
1465,1640754000,90,-805,-5467
1466,1640752200,60,9581,3228
1467,1640737800,60,-19534,11196
1468,1640766600,60,-13023,-5108
1469,1640757600,60,-14656,-2167
1470,1640745000,120,19092,10428
1471,1640757600,90,-37869,-2685
1472,1640746800,90,4704,53
1473,1640770200,90,-37307,-6722
1474,1640743200,120,-28650,-8366
1475,1640752200,90,11246,-3544
1476,1640764800,60,-35434,-7941
1477,1640757600,60,447,4868
1478,1640754000,90,-25134,-4534
1479,1640737800,90,-14672,-3911
1480,1640750400,60,28951,3834
1481,1640755800,60,16779,5163
1482,1640739600,120,7435,-11720
1483,1640745000,120,24798,4562
1484,1640757600,90,-34137,-5082
1485,1640779200,90,-11652,1116
1486,1640746800,120,29717,833
1487,1640764800,60,2448,-3400
1488,1640754000,90,26437,12854
1489,1640748600,60,-2796,2415
1490,1640763000,90,25229,2859
1491,1640754000,120,-18243,3703
1492,1640739600,60,-690,938
1493,1640752200,90,-7061,-3132
1494,1640759400,90,30276,-5892
1495,1640752200,60,1782,-1272
1496,1640754000,90,13546,42
1497,1640754000,120,10667,14514
1498,1640770200,60,8377,1682
1499,1640745000,90,7767,4094
1500,1640754000,60,-35347,-10073
1501,1640754000,120,-20426,-2103
1502,1640763000,60,41312,6453
1503,1640741400,60,4052,2440
1504,1640739600,120,-11086,-1808
1505,1640764800,60,-21943,9321
1506,1640759400,60,11791,3108
1507,1640764800,60,5805,-275
1508,1640755800,60,2994,1994
1509,1640766600,60,8996,3017
1510,1640743200,120,8817,6457
1511,1640755800,60,1065,1425
1512,1640757600,60,-17946,12068
1513,1640757600,60,17419,-16387
1514,1640766600,60,-21060,452
1515,1640737800,60,1165,1690
1516,1640757600,60,-34617,-9803
1517,1640757600,60,-10310,-3711
1518,1640736000,60,-1022,4758
1519,1640773800,60,6687,3230
1520,1640768400,60,1357,3549
1521,1640745000,90,2842,3073
1522,1640737800,60,-35276,-7646
1523,1640759400,60,-3431,-4573
1524,1640759400,90,38235,5407
1525,1640754000,90,-11099,-720
1526,1640768400,90,-38791,-4659
1527,1640750400,60,2647,-7331
1528,1640768400,60,-11014,293
1529,1640757600,60,-13698,-1572
1530,1640739600,60,-516,-5633
1531,1640761200,60,-12360,-1896
1532,1640761200,90,21771,-5449
1533,1640746800,90,-1700,-6025
1534,1640766600,60,-2874,-215
1535,1640757600,60,7064,4236
1536,1640757600,60,-22397,5208
1537,1640770200,60,-28084,-3691
1538,1640755800,90,-1210,4539
1539,1640768400,90,1517,3067
1540,1640736000,90,-25407,-12893
1541,1640737800,90,23698,-864
1542,1640746800,60,1333,853
1543,1640745000,60,-9099,-3086
1544,1640766600,60,34580,15576
1545,1640755800,60,-20700,10428
1546,1640745000,60,-22591,-2115
1547,1640761200,60,748,-3339
1548,1640746800,60,29158,7969
1549,1640739600,90,-28620,-5264
1550,1640750400,120,27503,2182
1551,1640739600,60,9437,-2353
1552,1640764800,90,11899,-2633
1553,1640755800,60,-49744,-11362
1554,1640752200,60,11713,6477
1555,1640746800,60,-7861,-4638
1556,1640761200,60,-10770,-2115
1557,1640739600,90,6432,852
1558,1640755800,60,-5639,-405
1559,1640745000,60,-6175,-38
1560,1640739600,120,20016,7278
1561,1640737800,90,-9295,-1994
1562,1640739600,60,-11898,-3506
1563,1640763000,90,-16714,-1996
1564,1640755800,90,7976,2172
1565,1640763000,60,5347,3797
1566,1640757600,60,2533,-4779
1567,1640754000,90,1122,-4313
1568,1640757600,120,-13151,-11248
1569,1640759400,60,-17570,-3390
1570,1640757600,60,-5329,-5037
1571,1640764800,60,5131,3224
1572,1640764800,90,20003,10469
1573,1640766600,60,9799,-3296
1574,1640739600,90,-11179,-3195
1575,1640743200,60,41320,6462
1576,1640755800,60,-27599,-2365
1577,1640741400,90,7306,2199
1578,1640766600,60,-15030,-1190
1579,1640752200,60,-14747,773
1580,1640755800,60,-8664,-313
1581,1640752200,90,19630,-5718
1582,1640754000,90,-23711,4318
1583,1640764800,60,-9984,-12886
1584,1640743200,60,9029,3545
1585,1640750400,60,-4933,-1073
1586,1640750400,60,6780,4879
1587,1640763000,90,-12460,-4736
1588,1640739600,90,-35141,-10408
1589,1640736000,60,18689,809
1590,1640754000,60,25007,6148
1591,1640743200,60,-2108,1123
1592,1640739600,90,-3428,-5900
1593,1640755800,90,1271,6443
1594,1640743200,60,-28659,-5600
1595,1640746800,90,25122,12056
1596,1640763000,90,-17269,11682
1597,1640737800,90,-9524,-1974
1598,1640750400,120,-26374,-1566
1599,1640736000,60,-31708,-4849
1600,1640763000,60,11411,-13154
1601,1640736000,120,-35649,-6030
1602,1640757600,120,12547,1641
1603,1640757600,90,-8660,915
1604,1640759400,60,1294,-554
1605,1640772000,60,4312,3723
1606,1640746800,60,-24614,9144
1607,1640761200,60,-32628,-5800
1608,1640764800,60,34683,15520
1609,1640764800,60,-14557,-3894
1610,1640757600,90,-529,1462
1611,1640739600,90,27519,3112
1612,1640755800,60,21300,10555
1613,1640757600,90,-5364,-5057
1614,1640764800,60,28558,2717
1615,1640746800,60,9630,-272
1616,1640759400,90,-17418,-6059
1617,1640754000,120,8472,-2483
1618,1640736000,90,-15576,-5525
1619,1640772000,60,-14979,-6552
1620,1640766600,60,22316,12533
1621,1640745000,90,3194,-1156
1622,1640746800,60,-18465,-20588
1623,1640741400,90,-11236,-578
1624,1640757600,60,-25531,-5585
1625,1640781000,60,22252,11029
1626,1640754000,90,10095,3075
1627,1640755800,90,-15252,-1309
1628,1640757600,90,21435,10018
1629,1640763000,60,-13727,749
1630,1640755800,90,-32598,-5641
1631,1640748600,60,23861,-1046
1632,1640748600,90,2170,1908
1633,1640770200,60,6432,4571
1634,1640737800,90,6989,-864
1635,1640752200,60,17731,-13096
1636,1640757600,60,10059,1753
1637,1640768400,90,32288,2654
1638,1640743200,60,14094,1924
1639,1640745000,60,12379,12401
1640,1640743200,60,19122,11766
1641,1640761200,60,21027,14028
1642,1640757600,60,-35562,-10293
1643,1640754000,60,7294,1414
1644,1640737800,90,-31950,-5466
1645,1640754000,90,-535,-7318
1646,1640764800,60,-34177,-7350
1647,1640741400,120,-36516,-10894
1648,1640748600,60,-24575,-4186
1649,1640752200,60,4725,1731
1650,1640770200,60,11709,3115
1651,1640782800,60,5805,307
1652,1640746800,60,14682,-6563
1653,1640761200,60,2884,3523
1654,1640736000,60,20554,-6357
1655,1640755800,90,5483,2585
1656,1640764800,60,-27101,-2073
1657,1640754000,60,-2536,4323
1658,1640761200,90,-5135,-4835
1659,1640741400,90,-20794,-1499
1660,1640736000,90,-58756,18372
1661,1640743200,60,10615,-1471
1662,1640754000,60,-10045,-4155
1663,1640745000,60,-41330,-7790
1664,1640736000,60,20059,-5900
1665,1640759400,60,19838,12290
1666,1640741400,60,5328,-61
1667,1640761200,60,2424,-8209
1668,1640750400,60,-25174,-2115
1669,1640763000,60,3007,1680
1670,1640739600,60,-17010,-4336
1671,1640737800,90,6530,4489
1672,1640761200,60,2937,-372
1673,1640764800,90,6843,3154
1674,1640746800,60,-24735,-1607
1675,1640750400,60,7778,2345
1676,1640761200,60,25944,3020
1677,1640755800,60,9844,7639
1678,1640754000,60,33,-1064
1679,1640743200,60,10328,2915
1680,1640764800,60,-22676,5131
1681,1640757600,90,-10306,-5124
1682,1640739600,90,9732,-4068
1683,1640761200,120,12171,1379
1684,1640757600,60,9859,-3935
1685,1640745000,60,11258,-1138
1686,1640775600,60,21276,756
1687,1640761200,60,16148,11351
1688,1640761200,60,-7342,-7347
1689,1640782800,60,-15727,-6420
1690,1640766600,60,-2546,4342
1691,1640750400,60,-12070,-9627
1692,1640750400,60,-8968,-11501
1693,1640754000,60,21130,-6434
1694,1640750400,90,-21814,-693
1695,1640757600,90,13860,9098
1696,1640737800,90,-24474,10771
1697,1640737800,90,-1405,-5843
1698,1640739600,60,-4932,708
1699,1640737800,90,-18149,19162
1700,1640746800,60,-11965,-2535
1701,1640750400,120,-38791,-4659
1702,1640736000,120,-7342,-683
1703,1640750400,60,-3112,-6203
1704,1640743200,60,-1328,-1322
1705,1640764800,60,-7657,-1029
1706,1640757600,60,4791,245
1707,1640763000,90,-3824,2081
1708,1640737800,90,-21024,-617
1709,1640763000,60,-10119,-2700
1710,1640764800,90,-48076,-17429
1711,1640737800,120,2708,-5471
1712,1640739600,90,28756,7786
1713,1640746800,90,-7909,-5653
1714,1640755800,90,13986,13526
1715,1640768400,90,5156,1474
1716,1640743200,90,9790,-7459
1717,1640757600,90,6084,2750
1718,1640766600,90,-2219,4641
1719,1640757600,90,-10306,-11883
1720,1640736000,60,262,-5496
1721,1640757600,90,6598,1241
1722,1640761200,60,7273,1343
1723,1640743200,90,-14267,-1244
1724,1640746800,90,-36973,10245
1725,1640757600,90,-5739,1560
1726,1640757600,90,8960,6855
1727,1640750400,60,-31620,-5506
1728,1640743200,60,-26033,-896
1729,1640743200,60,-30061,-7089
1730,1640757600,60,1165,1690
1731,1640764800,60,-30903,-4421
1732,1640763000,90,-28058,-2271
1733,1640759400,120,-35591,-1394
1734,1640752200,90,8484,1744
1735,1640743200,60,7463,2347
1736,1640761200,60,-32041,-4984
1737,1640759400,60,-24145,-1789
1738,1640737800,90,10465,8113
1739,1640737800,60,6605,-3315
1740,1640773800,60,-1769,-34
1741,1640736000,90,-11696,-1457
1742,1640754000,90,12324,-15812
1743,1640763000,90,9732,-4068
1744,1640764800,90,13661,2012
1745,1640743200,60,-10978,676
1746,1640754000,60,-9246,1335
1747,1640754000,90,-25817,-5654
1748,1640754000,60,-5942,-420
1749,1640741400,60,336,-6355
1750,1640755800,90,22421,-6334
1751,1640757600,60,-17855,-4312
1752,1640743200,90,39567,7956
1753,1640743200,60,-1491,180
1754,1640752200,120,30511,66
1755,1640743200,60,11729,-3736
1756,1640757600,60,2785,6942
1757,1640745000,60,-11784,-703
1758,1640766600,60,-10019,1986
1759,1640752200,60,-15092,-13901
1760,1640779200,90,8321,3034
1761,1640739600,90,-20137,-7770
1762,1640761200,60,29275,7931
1763,1640754000,60,-49097,-10691
1764,1640773800,60,-25859,-2240
1765,1640757600,90,-14872,-10875
1766,1640768400,90,-15365,-10233
1767,1640746800,60,9874,1143
1768,1640757600,60,386,-1176
1769,1640739600,120,9131,-142
1770,1640757600,60,-23494,-5695
1771,1640757600,60,-14890,-11473
1772,1640761200,60,8919,2897
1773,1640764800,60,1140,-544
1774,1640757600,60,27312,13242
1775,1640746800,90,9596,-3536
1776,1640754000,60,10258,11001
1777,1640768400,60,39908,6568
1778,1640757600,60,17037,10928
1779,1640772000,60,835,839
1780,1640763000,60,-18446,-7690
1781,1640763000,60,6508,1767
1782,1640754000,90,-17102,-12702
1783,1640763000,90,-23899,9580
1784,1640761200,60,-8886,1554
1785,1640743200,60,31853,6863
1786,1640755800,90,7992,-4164
1787,1640757600,90,-22373,5206
1788,1640768400,60,24685,-883
1789,1640761200,90,-34143,-7337
1790,1640757600,60,6588,3031
1791,1640745000,60,-4099,-5363
1792,1640745000,60,10468,965
1793,1640750400,90,28158,3233
1794,1640739600,90,5156,1474
1795,1640757600,60,-17896,-8948
1796,1640737800,90,8948,1712
1797,1640748600,90,16467,10667
1798,1640757600,60,54405,14266
1799,1640772000,90,6530,3380
1800,1640757600,90,-3400,-9168
1801,1640752200,60,-16392,-2316
1802,1640754000,90,-28128,-1640
1803,1640748600,60,21107,-6667
1804,1640766600,90,19674,-5715
1805,1640754000,60,-12176,-2748
1806,1640764800,60,-9418,-6634
1807,1640761200,60,-20881,-4253
1808,1640748600,60,-31490,-4843
1809,1640764800,120,23949,-5527
1810,1640737800,60,224,778
1811,1640746800,90,-47469,-17105
1812,1640754000,90,19393,6796
1813,1640761200,60,-17840,6106
1814,1640739600,90,-43729,-7595
1815,1640750400,60,4712,1646
1816,1640755800,60,830,-4752
1817,1640754000,60,-10596,-4043
1818,1640755800,60,-35742,-6381
1819,1640748600,60,-33554,-8240
1820,1640761200,90,-5539,-7225
1821,1640748600,60,-16173,-8491
1822,1640739600,90,28158,3233
1823,1640746800,90,4570,3545
1824,1640746800,60,1413,-4392
1825,1640741400,60,-3089,-233
1826,1640757600,90,-28593,-8544
1827,1640743200,60,2496,1558
1828,1640764800,120,11711,-13240
1829,1640766600,60,-11012,-4548
1830,1640761200,90,-31843,-5459
1831,1640761200,90,22516,-4163
1832,1640773800,60,901,6199
1833,1640757600,60,-4661,3098
1834,1640737800,90,18110,4754
1835,1640768400,60,-18075,-20572
1836,1640736000,90,-4404,39
1837,1640739600,60,-7769,-7748
1838,1640750400,60,-34401,-4322
1839,1640754000,60,-30178,-2405
1840,1640768400,60,-13686,-3498
1841,1640739600,60,12102,8945
1842,1640757600,90,15650,8867
1843,1640764800,90,4711,3636
1844,1640743200,60,12499,2990
1845,1640763000,60,-19658,-7733
1846,1640743200,60,-19608,-7600
1847,1640737800,120,-17534,-8594
1848,1640754000,120,-27498,-8464
1849,1640759400,90,25258,4928
1850,1640752200,60,1370,1729
1851,1640754000,90,19393,6796
1852,1640757600,90,9897,4704
1853,1640757600,120,11071,-13405
1854,1640750400,90,19916,10762
1855,1640743200,90,-14850,-1136
1856,1640766600,120,22320,6680
1857,1640755800,90,37933,7595
1858,1640736000,60,-6293,-8672
1859,1640752200,90,6687,3230
1860,1640772000,90,9128,4187
1861,1640739600,90,29277,7823
1862,1640759400,90,8206,2901
1863,1640745000,60,-4303,-1008
1864,1640736000,60,3450,1877
1865,1640757600,90,-34943,-2028
1866,1640761200,90,-8195,-678
1867,1640757600,60,5059,-6647
1868,1640752200,90,8859,-4679
1869,1640759400,60,6718,1167
1870,1640775600,60,-26432,-2289
1871,1640766600,60,-5688,3091
1872,1640741400,120,11476,159
1873,1640739600,60,-22092,10091
1874,1640766600,60,-35626,-7775
1875,1640737800,90,866,-7429
1876,1640777400,60,-35434,-7941
1877,1640743200,60,-10482,4056
1878,1640741400,60,-23197,9220
1879,1640746800,60,9489,3687
1880,1640754000,120,29580,8007
1881,1640773800,60,-23425,4835
1882,1640768400,60,39908,6568
1883,1640752200,60,12230,3128
1884,1640748600,90,423,1207
1885,1640746800,60,-27417,-6046
1886,1640746800,60,8846,-1775
1887,1640736000,60,21787,12285
1888,1640768400,60,5795,777
1889,1640736000,90,-1626,1369
1890,1640743200,60,28008,3432
1891,1640759400,60,41671,6032
1892,1640743200,90,2959,5752
1893,1640766600,60,-32094,-5394
1894,1640754000,120,-29361,-9497
1895,1640746800,60,19764,9313
1896,1640757600,90,-6736,-9241
1897,1640739600,90,9057,-2563
1898,1640768400,60,17570,-2371
1899,1640777400,60,-21831,-1235
1900,1640764800,60,-12146,-7600
1901,1640748600,90,-18535,-450
1902,1640766600,60,-28229,5345
1903,1640755800,90,21106,-6667
1904,1640772000,120,833,2697
1905,1640766600,60,22516,-4163
1906,1640779200,90,25867,11257
1907,1640739600,60,-18190,-12984
1908,1640764800,90,-37284,-8058
1909,1640772000,60,10605,-6810
1910,1640741400,60,5285,-7979
1911,1640746800,90,-38875,-13829
1912,1640745000,90,-23615,-1162
1913,1640746800,60,-15559,-1532
1914,1640746800,120,18229,800
1915,1640775600,60,-18271,-7902
1916,1640757600,120,-4664,-452
1917,1640746800,60,6968,-3812
1918,1640754000,60,8434,3117
1919,1640772000,60,25627,15914
1920,1640763000,60,-43072,-8624
1921,1640763000,60,-13286,-11188
1922,1640755800,60,7189,3611
1923,1640739600,120,14046,12228
1924,1640781000,60,-12027,-4966
1925,1640739600,90,-15586,-2378
1926,1640739600,120,18167,-504
1927,1640764800,60,174,-7059
1928,1640755800,60,28336,-5150
1929,1640766600,60,-10954,-3955
1930,1640755800,60,-20439,9257
1931,1640761200,90,-438,438
1932,1640764800,90,-4252,-858
1933,1640737800,60,-5615,2008
1934,1640759400,60,-3002,-3601
1935,1640750400,60,-23009,-10743
1936,1640755800,60,-27961,-3633
1937,1640750400,90,-25184,-2801
1938,1640736000,60,-49922,-11924
1939,1640763000,90,-27054,4845
1940,1640736000,60,-14835,-11472
1941,1640736000,60,11555,-3878
1942,1640763000,60,1800,6577
1943,1640770200,60,-33842,-6450
1944,1640757600,90,-8390,-641
1945,1640745000,90,-65705,-11832
1946,1640750400,60,2708,-5471
1947,1640766600,60,-19757,-12845
1948,1640754000,90,-40587,-10559
1949,1640757600,90,9721,8516
1950,1640743200,60,-9685,1545
1951,1640743200,90,-13596,-7786
1952,1640743200,60,17072,3772
1953,1640757600,60,-19184,-5960
1954,1640766600,60,22029,-5434
1955,1640748600,60,-32598,-5641
1956,1640755800,60,14967,-5531
1957,1640736000,90,-22711,-5298
1958,1640759400,60,1554,2000
1959,1640739600,60,-16760,-8047
1960,1640739600,90,6582,-42
1961,1640757600,60,28066,3469
1962,1640743200,120,-11451,-535
1963,1640755800,60,-38368,-11011
1964,1640764800,60,13449,-315
1965,1640746800,90,3831,3721
1966,1640754000,60,-13853,-13342
1967,1640761200,60,-39515,-4790
1968,1640757600,90,-8660,915
1969,1640737800,60,7694,1188
1970,1640754000,60,2060,668
1971,1640757600,120,-3795,-4143
1973,1640754000,60,5492,3691
1974,1640755800,60,20059,-5900
1975,1640766600,60,-14130,-1927
1976,1640743200,60,6979,1122
1977,1640750400,90,-1743,45
1978,1640761200,90,-17196,-13645
1979,1640772000,120,-79800,-12945